"Status","Start Time","Stop Time","Duration in ms","Parent Suite","Suite","Sub Suite","Test Class","Test Method","Name","Description"
"passed","Mon Jan 04 22:36:09 CST 2021","Mon Jan 04 22:36:09 CST 2021","1","","test_case_02","TestCaseDemo","","","test_case_multiply[multiply_case_01]",""
"passed","Mon Jan 04 22:36:09 CST 2021","Mon Jan 04 22:36:09 CST 2021","0","","test_case_02","TestCaseDemo","","","test_case_multiply[multiply_case_06]",""
"passed","Mon Jan 04 22:36:09 CST 2021","Mon Jan 04 22:36:09 CST 2021","0","","test_case_02","TestCaseDemo","","","test_case_divide[divide_case_01]",""
"passed","Mon Jan 04 22:36:09 CST 2021","Mon Jan 04 22:36:09 CST 2021","1","","test_case_02","TestCaseDemo","","","test_case_minus[minus_case_01]",""
"passed","Mon Jan 04 22:36:09 CST 2021","Mon Jan 04 22:36:09 CST 2021","0","","test_case_02","TestCaseDemo","","","test_case_add[add_case_02]",""
"passed","Mon Jan 04 22:36:09 CST 2021","Mon Jan 04 22:36:09 CST 2021","0","","test_case_02","TestCaseDemo","","","test_case_multiply[multiply_case_03]",""
"passed","Mon Jan 04 22:36:09 CST 2021","Mon Jan 04 22:36:09 CST 2021","0","","test_case_02","TestCaseDemo","","","test_case_multiply[multiply_case_05]",""
"passed","Mon Jan 04 22:36:09 CST 2021","Mon Jan 04 22:36:09 CST 2021","1","","test_case_02","TestCaseDemo","","","test_case_add[add_case_05]",""
"passed","Mon Jan 04 22:36:09 CST 2021","Mon Jan 04 22:36:09 CST 2021","0","","test_case_02","TestCaseDemo","","","test_case_minus[minus_case_04]",""
"passed","Mon Jan 04 22:36:09 CST 2021","Mon Jan 04 22:36:09 CST 2021","0","","test_case_02","TestCaseDemo","","","test_case_add[add_case_04]",""
"passed","Mon Jan 04 22:36:09 CST 2021","Mon Jan 04 22:36:09 CST 2021","0","","test_case_02","TestCaseDemo","","","test_case_add[add_case_01]",""
"passed","Mon Jan 04 22:36:09 CST 2021","Mon Jan 04 22:36:09 CST 2021","0","","test_case_02","TestCaseDemo","","","test_case_divide[divide_case_04]",""
"passed","Mon Jan 04 22:36:09 CST 2021","Mon Jan 04 22:36:09 CST 2021","1","","test_case_02","TestCaseDemo","","","test_case_divide[divide_case_02]",""
"passed","Mon Jan 04 22:36:09 CST 2021","Mon Jan 04 22:36:09 CST 2021","1","","test_case_02","TestCaseDemo","","","test_case_divide[divide_case_03]",""
"passed","Mon Jan 04 22:36:09 CST 2021","Mon Jan 04 22:36:09 CST 2021","1","","test_case_02","TestCaseDemo","","","test_case_minus[minus_case_03]",""
"passed","Mon Jan 04 22:36:09 CST 2021","Mon Jan 04 22:36:09 CST 2021","1","","test_case_02","TestCaseDemo","","","test_case_multiply[multiply_case_02]",""
"passed","Mon Jan 04 22:36:09 CST 2021","Mon Jan 04 22:36:09 CST 2021","0","","test_case_02","TestCaseDemo","","","test_case_multiply[multiply_case_04]",""
"passed","Mon Jan 04 22:36:09 CST 2021","Mon Jan 04 22:36:09 CST 2021","0","","test_case_02","TestCaseDemo","","","test_case_minus[minus_case_02]",""
"passed","Mon Jan 04 22:36:09 CST 2021","Mon Jan 04 22:36:09 CST 2021","1","","test_case_02","TestCaseDemo","","","test_case_add[add_case_06]",""
"passed","Mon Jan 04 22:36:09 CST 2021","Mon Jan 04 22:36:09 CST 2021","0","","test_case_02","TestCaseDemo","","","test_case_minus[minus_case_05]",""
"passed","Mon Jan 04 22:36:09 CST 2021","Mon Jan 04 22:36:09 CST 2021","0","","test_case_02","TestCaseDemo","","","test_case_add[add_case_03]",""
